DbId,WmId,WmTitle,WmLayerType,WmItemId,WmUrl,DatasetName,HasDependants,IsListed,IsEnabled,TvType,TvPath,Order,MetadataId,MetadataUrl,TreeviewId,VisibilityGroupId,IsOpenOnInit,IsVisibleOnInit,DisableVisibility,AlternativeTitle,MetadataTabInfoUrl
1,11ce6f0462bb4d85876c86392a62c60c,BNG Outline,ArcGISFeatureLayer,71c9876f8b4546889de4f4a5899b50d6,https://nercdsh.dev.azure.manchester.ac.uk/server/rest/services/UPRN_PoC_Web_Layer_UK_v1/FeatureServer/230,,,TRUE,FALSE,VectorDataset,/Tiling Schemes,0,,,area,1,FALSE,FALSE,FALSE,,
101,e5490860f2524b25bc97b4f6889d00a8,Tiles 100 km,ArcGISFeatureLayer,71c9876f8b4546889de4f4a5899b50d6,https://nercdsh.dev.azure.manchester.ac.uk/server/rest/services/UPRN_PoC_Web_Layer_UK_v1/FeatureServer/231,,,TRUE,FALSE,VectorDataset,/Tiling Schemes,0,,,area,1,FALSE,FALSE,FALSE,,
201,150d132868d34501bbebe3900cb2f972,Tiles 50 km,ArcGISFeatureLayer,71c9876f8b4546889de4f4a5899b50d6,https://nercdsh.dev.azure.manchester.ac.uk/server/rest/services/UPRN_PoC_Web_Layer_UK_v1/FeatureServer/232,,,TRUE,FALSE,VectorDataset,/Tiling Schemes,0,,,area,1,FALSE,FALSE,FALSE,,
301,d3b8bd8921f445b38605c9e1eb1a653f,Tiles 20 km,ArcGISFeatureLayer,71c9876f8b4546889de4f4a5899b50d6,https://nercdsh.dev.azure.manchester.ac.uk/server/rest/services/UPRN_PoC_Web_Layer_UK_v1/FeatureServer/233,,,TRUE,TRUE,VectorDataset,/Tiling Schemes,0,,,area,1,FALSE,FALSE,FALSE,,
401,561625be6b7b40f38e208332094de823,Tiles 10 km,ArcGISFeatureLayer,71c9876f8b4546889de4f4a5899b50d6,https://nercdsh.dev.azure.manchester.ac.uk/server/rest/services/UPRN_PoC_Web_Layer_UK_v1/FeatureServer/234,,,TRUE,TRUE,VectorDataset,/Tiling Schemes,0,,,area,1,FALSE,FALSE,FALSE,,
501,d982df779ff24651950a9e5db51d59c1,Tiles 5 km,ArcGISFeatureLayer,71c9876f8b4546889de4f4a5899b50d6,https://nercdsh.dev.azure.manchester.ac.uk/server/rest/services/UPRN_PoC_Web_Layer_UK_v1/FeatureServer/235,,,TRUE,TRUE,VectorDataset,/Tiling Schemes,0,,,area,1,FALSE,FALSE,FALSE,,
601,1b956b17dc014bcdb91cbe74217df309,Tiles 1 km,ArcGISFeatureLayer,71c9876f8b4546889de4f4a5899b50d6,https://nercdsh.dev.azure.manchester.ac.uk/server/rest/services/UPRN_PoC_Web_Layer_UK_v1/FeatureServer/236,,,TRUE,TRUE,VectorDataset,/Tiling Schemes,0,,,area,1,FALSE,FALSE,FALSE,,
701,5a87f10cbdd54ab4acaf1842c2220aea,UPRN (05/2024),ArcGISFeatureLayer,71c9876f8b4546889de4f4a5899b50d6,https://nercdsh.dev.azure.manchester.ac.uk/server/rest/services/UPRN_PoC_Web_Layer_UK_v1/FeatureServer/10,,,TRUE,FALSE,VectorDataset,/,0,,,data,3,FALSE,TRUE,FALSE,,
801,3204a583d5ac4ad2ab640330f48dc3a5,Upper Tier Local Authorities (Dec 22) - UK Boundaries Fully Clipped,ArcGISFeatureLayer,71c9876f8b4546889de4f4a5899b50d6,https://nercdsh.dev.azure.manchester.ac.uk/server/rest/services/UPRN_PoC_Web_Layer_UK_v1/FeatureServer/208,,,TRUE,FALSE,VectorDataset,/Administrative Areas,0,,,area,1,FALSE,FALSE,FALSE,,
901,edbd54d7848e434f98cbf8e215e2f635,Counties and Unitary Authorities (Dec 23) - UK Boundaries Fully Clipped,ArcGISFeatureLayer,71c9876f8b4546889de4f4a5899b50d6,https://nercdsh.dev.azure.manchester.ac.uk/server/rest/services/UPRN_PoC_Web_Layer_UK_v1/FeatureServer/173,,,TRUE,FALSE,VectorDataset,/Administrative Areas,0,,,area,1,FALSE,FALSE,FALSE,,
1001,f2dceb074ec443e5b4cba5dd11ac6317,Wards (Dec 23) - UK Boundaries Fully Clipped,ArcGISFeatureLayer,71c9876f8b4546889de4f4a5899b50d6,https://nercdsh.dev.azure.manchester.ac.uk/server/rest/services/UPRN_PoC_Web_Layer_UK_v1/FeatureServer/175,,,TRUE,TRUE,VectorDataset,/Administrative Areas,0,,,area,1,FALSE,FALSE,FALSE,,
1101,4f3a8ce39da34dbbb3ee96a8ccb56585,Middle layer Super Output Areas (Dec 21) - EW Boundaries Fully Clipped V6,ArcGISFeatureLayer,71c9876f8b4546889de4f4a5899b50d6,https://nercdsh.dev.azure.manchester.ac.uk/server/rest/services/UPRN_PoC_Web_Layer_UK_v1/FeatureServer/176,,,TRUE,TRUE,VectorDataset,/Administrative Areas,0,,,area,1,FALSE,FALSE,FALSE,,
1201,a2814ce7b8d84409886e0c41504d2379,Lower layer Super Output Areas (Dec 21) - EW Boundaries Fully Clipped V8,ArcGISFeatureLayer,71c9876f8b4546889de4f4a5899b50d6,https://nercdsh.dev.azure.manchester.ac.uk/server/rest/services/UPRN_PoC_Web_Layer_UK_v1/FeatureServer/192,,,TRUE,TRUE,VectorDataset,/Administrative Areas,0,,,area,1,FALSE,FALSE,FALSE,,
1301,948081273f1c4a33a7a7a940d6b541e8,Built Up Areas (Dec 22) GB,ArcGISFeatureLayer,71c9876f8b4546889de4f4a5899b50d6,https://nercdsh.dev.azure.manchester.ac.uk/server/rest/services/UPRN_PoC_Web_Layer_UK_v1/FeatureServer/193,,,TRUE,FALSE,VectorDataset,/Administrative Areas,0,,,area,1,FALSE,FALSE,FALSE,,
1401,e9337d092df8403fa1e7d17beedde69b,ClimateJust - Grid (England) - Heat,ArcGISFeatureLayer,71c9876f8b4546889de4f4a5899b50d6,https://nercdsh.dev.azure.manchester.ac.uk/server/rest/services/UPRN_PoC_Web_Layer_UK_v1/FeatureServer/20,,,TRUE,TRUE,VectorDataset,/ClimateJust,0,,,data,2,FALSE,FALSE,FALSE,,
1501,59689d4a1bce44aa9c2f4d4e6fecaa70,ClimateJust - LSOAs (EN) (2011 - 2022 V3) - 2022 Data,ArcGISFeatureLayer,71c9876f8b4546889de4f4a5899b50d6,https://nercdsh.dev.azure.manchester.ac.uk/server/rest/services/UPRN_PoC_Web_Layer_UK_v1/FeatureServer/21,,,TRUE,TRUE,VectorDataset,/ClimateJust,0,,,data,2,FALSE,FALSE,FALSE,,
1601,dc6c35466a24495799c01a47ba3dc5ac,ClimateJust - MSOAs (England) (2011) - SHVI,ArcGISFeatureLayer,71c9876f8b4546889de4f4a5899b50d6,https://nercdsh.dev.azure.manchester.ac.uk/server/rest/services/UPRN_PoC_Web_Layer_UK_v1/FeatureServer/22,,,TRUE,TRUE,VectorDataset,/ClimateJust,0,,,data,2,FALSE,FALSE,FALSE,,
1701,e4ee5ea81f4244d6b0cd00c0ac765ce5,ClimateJust - Grid (UK) - UKCP18,ArcGISFeatureLayer,71c9876f8b4546889de4f4a5899b50d6,https://nercdsh.dev.azure.manchester.ac.uk/server/rest/services/UPRN_PoC_Web_Layer_UK_v1/FeatureServer/23,,,TRUE,TRUE,VectorDataset,/ClimateJust,0,,,data,2,FALSE,FALSE,FALSE,,
1801,995b781ceaf44fc5822ad2c15fcc0101,ClimateJust - LSOAs (UK) (2011) - Flood Data,ArcGISFeatureLayer,71c9876f8b4546889de4f4a5899b50d6,https://nercdsh.dev.azure.manchester.ac.uk/server/rest/services/UPRN_PoC_Web_Layer_UK_v1/FeatureServer/24,,,TRUE,TRUE,VectorDataset,/ClimateJust,0,,,data,2,FALSE,FALSE,FALSE,,
1901,f5e0bb5cfa3542a69eb0fe7af71314b1,ClimateJust - LSOAs (WA) (2011 - 2022 V3) - 2022 Data,ArcGISFeatureLayer,71c9876f8b4546889de4f4a5899b50d6,https://nercdsh.dev.azure.manchester.ac.uk/server/rest/services/UPRN_PoC_Web_Layer_UK_v1/FeatureServer/238,,,TRUE,TRUE,VectorDataset,/ClimateJust,0,,,data,2,FALSE,FALSE,FALSE,,
2001,bd03a5d33aab49079a85fc983dbe8ec3,Night Time Average Noise Level Of Major Traffic Routes and Populated Road Sources (11PM to 7AM) - Round 3,ArcGISFeatureLayer,71c9876f8b4546889de4f4a5899b50d6,https://nercdsh.dev.azure.manchester.ac.uk/server/rest/services/UPRN_PoC_Web_Layer_UK_v1/FeatureServer/26,,,TRUE,TRUE,VectorDataset,/Noise Levels,0,,,data,2,FALSE,FALSE,FALSE,,
2101,167c9d0d43f846a28b223ca816b7bd0d,Average 24 Hour Noise Level Of Major Traffic Routes and Populated Road Sources - Round 3,ArcGISFeatureLayer,71c9876f8b4546889de4f4a5899b50d6,https://nercdsh.dev.azure.manchester.ac.uk/server/rest/services/UPRN_PoC_Web_Layer_UK_v1/FeatureServer/27,,,TRUE,TRUE,VectorDataset,/Noise Levels,0,,,data,2,FALSE,FALSE,FALSE,,
2201,8d37dd3bd58246b7bbae368f34cf6bd5,Day Time Average Noise Level Of Major Traffic Routes and Populated Road Sources (7AM to 11PM) - Round 3,ArcGISFeatureLayer,71c9876f8b4546889de4f4a5899b50d6,https://nercdsh.dev.azure.manchester.ac.uk/server/rest/services/UPRN_PoC_Web_Layer_UK_v1/FeatureServer/28,,,TRUE,TRUE,VectorDataset,/Noise Levels,0,,,data,2,FALSE,FALSE,FALSE,,
2301,c350aeb0945e4bb88d973779176abdfc,Night Time Average Noise Level On Network Rail and HS1 Routes and Populated Rail Sources (11PM to 7AM) - Round 3,ArcGISFeatureLayer,71c9876f8b4546889de4f4a5899b50d6,https://nercdsh.dev.azure.manchester.ac.uk/server/rest/services/UPRN_PoC_Web_Layer_UK_v1/FeatureServer/29,,,TRUE,TRUE,VectorDataset,/Noise Levels,0,,,data,2,FALSE,FALSE,FALSE,,
2401,8b6bd77979a74c50a4547fade5fc755d,Average 24 Hour Noise Level On Network Rail and HS1 Routes and Populated Rail Sources  - Round 3,ArcGISFeatureLayer,71c9876f8b4546889de4f4a5899b50d6,https://nercdsh.dev.azure.manchester.ac.uk/server/rest/services/UPRN_PoC_Web_Layer_UK_v1/FeatureServer/30,,,TRUE,TRUE,VectorDataset,/Noise Levels,0,,,data,2,FALSE,FALSE,FALSE,,
2501,0b80a55a725046ef9b1a7da8f6ab17c0,Day Time Average Noise Level On Network Rail and HS1 Routes and Populated Rail Sources (7AM to 11PM) - Round 3,ArcGISFeatureLayer,71c9876f8b4546889de4f4a5899b50d6,https://nercdsh.dev.azure.manchester.ac.uk/server/rest/services/UPRN_PoC_Web_Layer_UK_v1/FeatureServer/172,,,TRUE,TRUE,VectorDataset,/Noise Levels,0,,,data,2,FALSE,FALSE,FALSE,,
2601,ed40134641a94b1489fd1e2cf1623736,Urban Areas Required To Undertake Strategic Noise Mapping - Round 3,ArcGISFeatureLayer,71c9876f8b4546889de4f4a5899b50d6,https://nercdsh.dev.azure.manchester.ac.uk/server/rest/services/UPRN_PoC_Web_Layer_UK_v1/FeatureServer/32,,,TRUE,TRUE,VectorDataset,/Noise Levels,0,,,data,2,FALSE,FALSE,FALSE,,
2701,19b02eff60d-layer-289,Modelled Background Pollution Raster Cells,ArcGISFeatureLayer,71c9876f8b4546889de4f4a5899b50d6,https://nercdsh.dev.azure.manchester.ac.uk/server/rest/services/UPRN_PoC_Web_Layer_UK_v1/FeatureServer/34,ModelledBackgroundPollution_Cells,,FALSE,TRUE,VectorDataset,/UK Air - Modelled Background Pollution,0,,,data,2,FALSE,FALSE,FALSE,,
2801,19b02d2b433-layer-208,UK Air MBP - Benzene annual means,ArcGISMapServiceLayer,494244725b8d4d2aaf118b6e970bf4b2,https://nercdsh.dev.azure.manchester.ac.uk/server/rest/services/Benzene_annual_mean_Web_Map_MIL1/MapServer,,,TRUE,TRUE,RasterDataset,/UK Air - Modelled Background Pollution,0,,,data,2,FALSE,FALSE,FALSE,,
2901,19b02e6f920-layer-277,UK Air MBP - Carbon Monoxide (CO) annual means,ArcGISMapServiceLayer,583a976eecbc4d89a403abf69d1beb01,https://nercdsh.dev.azure.manchester.ac.uk/server/rest/services/Carbon_Monoxide_annual_mean_WebMap_MIL1/MapServer,,,TRUE,TRUE,RasterDataset,/UK Air - Modelled Background Pollution,0,,,data,2,FALSE,FALSE,FALSE,,
3001,19b02e7efa3-layer-278,UK Air MBP - Nitrogen Dioxide (NO2) annual means,ArcGISMapServiceLayer,61898cc786394389b90ac66b6358c6e6,https://nercdsh.dev.azure.manchester.ac.uk/server/rest/services/Nitrogen_Dioxide_annual_mean_Web_Map_MIL1/MapServer,,,TRUE,TRUE,RasterDataset,/UK Air - Modelled Background Pollution,0,,,data,2,FALSE,FALSE,FALSE,,
3101,19b02e978d6-layer-279,UK Air MBP - Nitrogen Oxides (NOx) annual means,ArcGISMapServiceLayer,20071df3ec3349429e101229c9bef434,https://nercdsh.dev.azure.manchester.ac.uk/server/rest/services/Nitrogen_Oxides_annual_mean_Web_Map_MIL1/MapServer,,,TRUE,TRUE,RasterDataset,/UK Air - Modelled Background Pollution,0,,,data,2,FALSE,FALSE,FALSE,,
3201,19b02ea70d2-layer-280,UK Air MBP - Ozone (O3) annual means,ArcGISMapServiceLayer,2fb4a1882e154242af7934b39cb2ce48,https://nercdsh.dev.azure.manchester.ac.uk/server/rest/services/Ozone_annual_mean_Web_Map_MIL1/MapServer,,,TRUE,TRUE,RasterDataset,/UK Air - Modelled Background Pollution,0,,,data,2,FALSE,FALSE,FALSE,,
3301,19b02eb625f-layer-281,UK Air MBP - PM 2.5 annual means,ArcGISMapServiceLayer,d9583548d9b04c3db5f445d2604d912f,https://nercdsh.dev.azure.manchester.ac.uk/server/rest/services/PM2p5_annual_mean_Web_Map_MIL1/MapServer,,,TRUE,TRUE,RasterDataset,/UK Air - Modelled Background Pollution,0,,,data,2,FALSE,FALSE,FALSE,,
3401,19b02ec1aa4-layer-282,UK Air MBP - PM 10 annual means,ArcGISMapServiceLayer,6c20743e655f4ee2b903fe8b6aa40a7e,https://nercdsh.dev.azure.manchester.ac.uk/server/rest/services/PM10_annual_mean_Web_Map_MIL1/MapServer,,,TRUE,TRUE,RasterDataset,/UK Air - Modelled Background Pollution,0,,,data,2,FALSE,FALSE,FALSE,,
3501,19b02f49960-layer-348,UK Air MBP - Sulfur Dioxide (SO2) annual means,ArcGISMapServiceLayer,b9187b3696f04f278485a344469ed3f5,https://nercdsh.dev.azure.manchester.ac.uk/server/rest/services/Sulphur_Dioxide_annual_mean_Web_Map_MIL1/MapServer,,,TRUE,TRUE,RasterDataset,/UK Air - Modelled Background Pollution,0,,,data,2,FALSE,FALSE,FALSE,,
3601,19b02d862f9-layer-275,Carbon Storage,ArcGISMapServiceLayer,f5c49ce4b3944d38a5c1aac78f0a87bf,https://nercdsh.dev.azure.manchester.ac.uk/server/rest/services/Carbon_Storage_Web_Map_2_MIL1/MapServer,,[Carbon_Cells],TRUE,TRUE,RasterDataset,/,0,,https://nerc-digital-solutions-hub.github.io/dsh-metadata/UPRN/CEH/CarbonStorage/gmd/carbon-storage-image-service-2.xml,data,2,FALSE,FALSE,FALSE,,https://nerc-digital-solutions-hub.github.io/dsh-metadata/UPRN/CEH/CarbonStorage/info.json
3602,19b02d862f9-layer-275-15,Carbon Raster Cells,ArcGISFeatureLayer,,https://nercdsh.dev.azure.manchester.ac.uk/server/rest/services/Carbon_Storage_Web_Map_2_MIL1/MapServer/15,Carbon_Cells,,FALSE,TRUE,VectorDataset,/Carbon Storage,0,,,data,2,FALSE,FALSE,FALSE,,
3701,19b02dc323e-layer-276,Ellenberg Vegetation Indicators,ArcGISMapServiceLayer,e23adb6b5e594439bc0736f165cffa65,https://nercdsh.dev.azure.manchester.ac.uk/server/rest/services/Ellenberg_Vegetation_Indicators_Web_Map_2_MIL1/MapServer,,[EVI_Cells],TRUE,TRUE,RasterDataset,/,0,,https://nerc-digital-solutions-hub.github.io/dsh-metadata/UPRN/CEH/EllenbergVegetationIndicators/gmd/ellenberg-vegetation-indicators-image-service-2.xml,data,2,FALSE,FALSE,FALSE,,https://nerc-digital-solutions-hub.github.io/dsh-metadata/UPRN/CEH/EllenbergVegetationIndicators/info.json
3702,19b02dc323e-layer-276-15,EVI Raster Cells,ArcGISFeatureLayer,,https://nercdsh.dev.azure.manchester.ac.uk/server/rest/services/Ellenberg_Vegetation_Indicators_Web_Map_2_MIL1/MapServer/0,EVI_Cells,,FALSE,TRUE,VectorDataset,/Ellenberg Vegetation Indicators,0,,,data,2,FALSE,FALSE,FALSE,,
3801,19b03f4cc8f-layer-161,AQREAN Raster Cells,ArcGISFeatureLayer,71c9876f8b4546889de4f4a5899b50d6,https://nercdsh.dev.azure.manchester.ac.uk/server/rest/services/UPRN_PoC_Web_Layer_UK_v1/FeatureServer/78,AQREAN_Cells,,FALSE,TRUE,VectorDataset,/AQREAN Surface Level,0,,,data,2,FALSE,FALSE,FALSE,,
3901,19b03ed6f6e-layer-94,Air Quality Index - Nitrogen Dioxide (NO2) (Daily Measurements) (Surface Level) annual means,ArcGISMapServiceLayer,751344cf58fd406db4dbc1d9808a4f0a,https://nercdsh.dev.azure.manchester.ac.uk/server/rest/services/Surface_Level___aqi_NO2_2003_to_2019_am_MIL1/MapServer,,[AQREAN_Cells],TRUE,TRUE,RasterDataset,/AQREAN Surface Level,0,,https://nerc-digital-solutions-hub.github.io/dsh-metadata/UPRN/MetOffice/DSH/Annual/SL/daily_aqi_nitrogen_dioxide/TimeSeries-2003-2019-MIL.xml,data,2,FALSE,FALSE,FALSE,,
4001,19b03ecf7fb-layer-93,Air Quality Index - PM2.5 Dry Aerosol (Daily Measurements) (Surface Level) annual means,ArcGISMapServiceLayer,4f79cb113aaf4bd09bdcc8a5d51cb723,https://nercdsh.dev.azure.manchester.ac.uk/server/rest/services/Surface_Level___aqi_PM2p5_2003_to_2019_MIL1/MapServer,,[AQREAN_Cells],TRUE,TRUE,RasterDataset,/AQREAN Surface Level,0,,,data,2,FALSE,FALSE,FALSE,,
4101,19b03ec7944-layer-92,Air Temperature (Surface Level) annual means,ArcGISMapServiceLayer,0c35df29fad8424b82d03289d2f9ad35,https://nercdsh.dev.azure.manchester.ac.uk/server/rest/services/Surface_Level___Air_Temperature_WebMap_MIL1/MapServer,,[AQREAN_Cells],TRUE,TRUE,RasterDataset,/AQREAN Surface Level,0,,,data,2,FALSE,FALSE,FALSE,,
4201,19b03e45f4d-layer-89,Ammonium (NH4) in PM2.5 Dry Aerosol (Mass Concentration) (Surface Level) annual means,ArcGISMapServiceLayer,f23435a46b4948e8b9d37a1bcf836dc8,https://nercdsh.dev.azure.manchester.ac.uk/server/rest/services/Surface_Level___Ammonium_PM2p5_WebMap_MIL1/MapServer,,[AQREAN_Cells],TRUE,TRUE,RasterDataset,/AQREAN Surface Level,0,,,data,2,FALSE,FALSE,FALSE,,
4301,19b03e401d3-layer-88,Ammonium Nitrate (NH4NO3) in PM2.5 Dry Aerosol (Mass Concentration) (Surface Level) annual means,ArcGISMapServiceLayer,eb2aeb3259e74dcea8b8d4e61eff7460,https://nercdsh.dev.azure.manchester.ac.uk/server/rest/services/Surface_Level___Ammonium_Nitrate_PM2p5_WebMap_MIL1/MapServer,,[AQREAN_Cells],TRUE,TRUE,RasterDataset,/AQREAN Surface Level,0,,,data,2,FALSE,FALSE,FALSE,,
4401,19b03e3b881-layer-87,Ammonium Sulfate ((NH4)2SO4) in PM2.5 Dry Aerosol (Mass Concentration) (Surface Level) annual means,ArcGISMapServiceLayer,a443d7d75de445f6b8e76a2adea79f2a,https://nercdsh.dev.azure.manchester.ac.uk/server/rest/services/Surface_Level___Ammonium_Sulfate_PM2_5_WebMap_MIL1/MapServer,,[AQREAN_Cells],TRUE,TRUE,RasterDataset,/AQREAN Surface Level,0,,,data,2,FALSE,FALSE,FALSE,,
4501,19b03e37101-layer-86,Biomass Burning Aerosol in PM2.5 Dry Aerosol (Mass Concentration) (Surface Level) annual means,ArcGISMapServiceLayer,8be428b70a3940cb95a42f84ea7fcc3c,https://nercdsh.dev.azure.manchester.ac.uk/server/rest/services/Surface_Level___mc_biomburnaes_am_2003_2019_MIL1/MapServer,,[AQREAN_Cells],TRUE,TRUE,RasterDataset,/AQREAN Surface Level,0,,,data,2,FALSE,FALSE,FALSE,,
4601,19b03e33424-layer-85,Black Carbon in PM2.5 Dry Aerosol (Mass Concentration) (Surface Level) annual means,ArcGISMapServiceLayer,b8a7e2fd8d8443b5bfe21cfad9823a89,https://nercdsh.dev.azure.manchester.ac.uk/server/rest/services/Surface_Level___Black_Carbon_PM2p5_WebMap_MIL1/MapServer,,[AQREAN_Cells],TRUE,TRUE,RasterDataset,/AQREAN Surface Level,0,,,data,2,FALSE,FALSE,FALSE,,
4701,19b03ea9b65-layer-91,AQREAN Dust in PM2.5 Dry Aerosol (Mass Concentration) (Surface Level) annual means MIL,ArcGISMapServiceLayer,18ac5dcd665643d4ab8eb69df57c21ac,https://nercdsh.dev.azure.manchester.ac.uk/server/rest/services/Surface_Level___Dust_PM2_5_WebMap_MIL1/MapServer,,[AQREAN_Cells],TRUE,TRUE,RasterDataset,/AQREAN Surface Level,0,,,data,2,FALSE,FALSE,FALSE,,
4801,19b03e9f5c6-layer-90,AQREAN Nitrate (NO3) in PM2.5 Dry Aerosol (Mass Concentration) (Surface Level) annual means MIL,ArcGISMapServiceLayer,50191426c2394a33b1798ee18a014280,https://nercdsh.dev.azure.manchester.ac.uk/server/rest/services/Surface_Level___Nitrate_PM_2_5_WebMap_MIL1/MapServer,,[AQREAN_Cells],TRUE,TRUE,RasterDataset,/AQREAN Surface Level,0,,,data,2,FALSE,FALSE,FALSE,,
4901,19b038635a1-layer-85,Nitrogen Dioxide (NO2) in Air (Mass Concentration) (Surface Level) annual means,ArcGISMapServiceLayer,5a8a2d1157b042168afd62cec7d98169,https://nercdsh.dev.azure.manchester.ac.uk/server/rest/services/Surface_Level___mc_NO2_WebMap_MIL1/MapServer,,[AQREAN_Cells],TRUE,TRUE,RasterDataset,/AQREAN Surface Level,0,,,data,2,FALSE,FALSE,FALSE,,
5001,19b035dc32f-layer-354,Nitrogen Oxides (NOx) as Nitrogen Dioxide (NO2) in Air (Mass Concentration) (Surface Level) annual means,ArcGISMapServiceLayer,3a6ee0396f5c46e2bf6bbe9203378d2e,https://nercdsh.dev.azure.manchester.ac.uk/server/rest/services/Surface_Level___mc_NOx_in_NO2_WebMap_MIL1/MapServer,,[AQREAN_Cells],TRUE,TRUE,RasterDataset,/AQREAN Surface Level,0,,,data,2,FALSE,FALSE,FALSE,,
5101,19b035d5aa4-layer-353,Relative Humidity (Surface Level) annual means,ArcGISMapServiceLayer,59accded61084114b17b58d3237de67a,https://nercdsh.dev.azure.manchester.ac.uk/server/rest/services/Surface_Level___Relative_Humidity_WebMap_MIL1/MapServer,,[AQREAN_Cells],TRUE,TRUE,RasterDataset,/AQREAN Surface Level,0,,,data,2,FALSE,FALSE,FALSE,,
5201,19b035d07da-layer-352,Secondary Particulate Organic Matter in PM2.5 Dry Aerosol (Mass Concentration) (Surface Level) annual means,ArcGISMapServiceLayer,38cf7197385a44789e0eadd92a101ce0,https://nercdsh.dev.azure.manchester.ac.uk/server/rest/services/Surface_Level___Sec_Part_Org_Matter_PMp5_WebMap_MIL1/MapServer,,[AQREAN_Cells],TRUE,TRUE,RasterDataset,/AQREAN Surface Level,0,,,data,2,FALSE,FALSE,FALSE,,
5301,19b035cd132-layer-351,Sulfate (SO4) in PM2.5 Dry Aerosol (Mass Concentration) (Surface Level) annual means,ArcGISMapServiceLayer,53c85e42f67046f0a88c8dd89442efb9,https://nercdsh.dev.azure.manchester.ac.uk/server/rest/services/Surface_Level___mc_Sulfate_PM2_5_WebMap_MIL1/MapServer,,[AQREAN_Cells],TRUE,TRUE,RasterDataset,/AQREAN Surface Level,0,,,data,2,FALSE,FALSE,FALSE,,
5401,19b0384463d-layer-84,Organic Carbon from Fossil Fuel Combustion in PM2.5 Dry Aerosol (Mass Concentration) (Surface Level) annual means,ArcGISMapServiceLayer,4acfdf2b5a2944a2842c9abd1e03c961,https://nercdsh.dev.azure.manchester.ac.uk/server/rest/services/Surface_Level___Organic_Carbon_FFC_PM2p5_WebMap_MIL1/MapServer,,[AQREAN_Cells],TRUE,TRUE,RasterDataset,/AQREAN Surface Level,0,,,data,2,FALSE,FALSE,FALSE,,
5501,19b038233f6-layer-82,PM2.5 Dry Aerosol (Mass Concentration) (Surface Level) annual means,ArcGISMapServiceLayer,50ad6ed584f2452f94a144d5f753ba28,https://nercdsh.dev.azure.manchester.ac.uk/server/rest/services/Surface_Level___PM2p5_WebMap_MIL1/MapServer,,[AQREAN_Cells],TRUE,TRUE,RasterDataset,/AQREAN Surface Level,0,,,data,2,FALSE,FALSE,FALSE,,
5601,19b03f7b1ab-layer-229,AQREAN Raster Cells (Bias Corrected),ArcGISFeatureLayer,71c9876f8b4546889de4f4a5899b50d6,https://nercdsh.dev.azure.manchester.ac.uk/server/rest/services/UPRN_PoC_Web_Layer_UK_v1/FeatureServer/81,AQREAN_BC_Cells,,FALSE,TRUE,VectorDataset,/AQREAN Surface Level - Bias Corrected,0,,,data,2,FALSE,FALSE,FALSE,,
5701,19b03f6fc5d-layer-227,Air Quality Index - Nitrogen Dioxide (NO2) (Daily Measurements) (Surface Level) (Bias Corrected) annual means,ArcGISMapServiceLayer,ad0c39ec5cd749599760f081b2c7a4ec,https://nercdsh.dev.azure.manchester.ac.uk/server/rest/services/Surface_Level_Bias_Corrected___aqi_NO2_WebMap_MIL1/MapServer,,[AQREAN_BC_Cells],TRUE,TRUE,RasterDataset,/AQREAN Surface Level - Bias Corrected,0,,,data,2,FALSE,FALSE,FALSE,,
5801,19b03f6c415-layer-226,Air Quality Index - PM2.5 Dry Aerosol (Daily Measurements) (Surface Level) (Bias Corrected) annual means,ArcGISMapServiceLayer,e732884c664c459c9cbe77bae2365d96,https://nercdsh.dev.azure.manchester.ac.uk/server/rest/services/Surface_Level_Bias_Corrected_aqi_PM2p5_WebMap_MIL1/MapServer,,[AQREAN_BC_Cells],TRUE,TRUE,RasterDataset,/AQREAN Surface Level - Bias Corrected,0,,,data,2,FALSE,FALSE,FALSE,,
5901,19b03f679b8-layer-225,Nitrogen Dioxide (NO2) (Mass Concentration) (Surface Level) (Bias Corrected) annual means,ArcGISMapServiceLayer,5991187841ab4394b67717c0144abc69,https://nercdsh.dev.azure.manchester.ac.uk/server/rest/services/Surface_Level_Bias_Corrected__NO2_mc_WebMap_MIL1/MapServer,,[AQREAN_BC_Cells],TRUE,TRUE,RasterDataset,/AQREAN Surface Level - Bias Corrected,0,,,data,2,FALSE,FALSE,FALSE,,
6001,19b03f62f93-layer-224,Nitrogen Oxides (NOx) as Nitrogen Dioxide (NO2) (Mass Concentration) (Surface Level) (Bias Corrected) annual means,ArcGISMapServiceLayer,adf4e092e9614bd9991175ac761b2e13,https://nercdsh.dev.azure.manchester.ac.uk/server/rest/services/Surface_Level_Bias_Corrected__NOx_as_NO2_mc_WebMap_MIL1/MapServer,,[AQREAN_BC_Cells],TRUE,TRUE,RasterDataset,/AQREAN Surface Level - Bias Corrected,0,,,data,2,FALSE,FALSE,FALSE,,
6101,19b03f5f643-layer-223,PM2.5 Dry Aerosol (Mass Concentration) (Surface Level) (Bias Corrected) annual means,ArcGISMapServiceLayer,2f2377402b98487eb97add7000521c43,https://nercdsh.dev.azure.manchester.ac.uk/server/rest/services/Surface_Level_Bias_Corrected__PM2p5_mc_WebMap_MIL1/MapServer,,[AQREAN_BC_Cells],TRUE,TRUE,RasterDataset,/AQREAN Surface Level - Bias Corrected,0,,,data,2,FALSE,FALSE,FALSE,,
,f453fdab598745ad895f75064cdaa1fc,Tiling Schemes,GroupLayer,,,,,TRUE,TRUE,Folder,/,0,,,area,1,FALSE,FALSE,FALSE,Ordnance Survey National Grid,
,1bc727a5e27745569f8609298acd2eac,Administrative Areas,GroupLayer,,,,,TRUE,TRUE,Folder,/,1,,,area,1,FALSE,FALSE,FALSE,,
,04f93a3332e74e3d9323194473f28965,ClimateJust,GroupLayer,,,,,TRUE,TRUE,Folder,/,0,,,data,2,TRUE,FALSE,FALSE,,
,31b78c41c34c4b249c2847ee0b255e79,Noise Levels,GroupLayer,,,,,TRUE,TRUE,Folder,/,0,,,data,2,FALSE,FALSE,FALSE,,
,19b02d3e1ba-layer-273,UK Air - Modelled Background Pollution,GroupLayer,,,,,TRUE,TRUE,Folder,/,0,,,data,2,FALSE,FALSE,FALSE,,https://nerc-digital-solutions-hub.github.io/dsh-metadata/UPRN/DEFRA/ModelledBackgroundPollution/info.json
,19b03834363-layer-83,AQREAN Surface Level,GroupLayer,,,,,TRUE,TRUE,Folder,/,0,,,data,2,FALSE,FALSE,FALSE,,
,19b03f7d947-layer-292,AQREAN Surface Level - Bias Corrected,GroupLayer,,,,,TRUE,TRUE,Folder,/,0,,,data,2,FALSE,FALSE,FALSE,,
